{"cameraMode":{"drawMode":0,"name":"Shaded","section":"Shading Mode"},"sceneLighting":true,"audioPlay":false,"sceneViewState":{"showFog":true,"showMaterialUpdate":false,"showSkybox":true,"showFlares":true,"showImageEffects":true,"showParticleSystems":true},"in2DMode":false,"pivot":{"x":3.710486888885498,"y":7.149562835693359,"z":2.5917184352874758},"rotation":{"x":0.37546467781066897,"y":-0.001390252378769219,"z":0.0005632091197185218,"w":0.9268365502357483},"size":69.04115295410156,"orthographic":true}